id,x,y,head_angle
1,1351,753,-0.5305013166738104
2,15,15,2.7006293373952883
3,683,753,-1.701354605326124
4,683,384,-1.091216225262598
5,1351,384,-0.5509039792185729
6,15,753,1.1344216309770068
7,15,384,0.590657214646671
8,1351,15,-3.4682292589171477
9,683,15,-1.7899106082460694
